arraySize;mergesort;mergesort ecologico;mergesort passo alternato;///
500000;274.800659;25.499027;170.333909;1493.660115;1467.616203;129.73392;
1000000;509.80233;25.611923;166.179629;4165.505987;3975.004338;181.846002;
1500000;756.870774;33.759072;233.974413;7310.006382;7578.997113;220.927965;
2000000;1065.815378;41.422915;308.942737;11240.840522;11145.886399;352.591375;
